Oda,Oda,Oda1
Phuong Nguyen,PhuongNguyen,PhuongNguyen
DC-comic,DC-comic,DC-comic
Dinh Ba Tien,DinhBaTien,DinhBaTien
Tran Dan Thu,TranDanThu,TranDanThu
Advenger,Advenger,Advenger
DC-Comic,DC-Comic,DC-Comic
NAM CAO,NAMCAO,NAMCAO